kessel,cos_kessel_tl
1,37.60178901912399
2,36.14589539314167
3,36.03203233395668
4,35.591361299950265
5,63.0
