ev,ev_max_power
0,9.31337529
1,9.335687949
