rlt,floor_rlt
1,1.35
2,1.8684000000000003
3,0.8748000000000001
