kwk,kwk_fcr
1,0.5076666666666667
2,0.5653333333333332
