kwk,cos_lin
1,0.8941212680824869
2,0.9306206423591268
