kwk,cap,cos,floor,kwk,stromkennzahl
1,3.0,44.49648711943794,1.5,1,1.01
2,3.3,43.98148148148148,1.65,2,1.01
