kwk,f1
1,0.7137720951191722
2,0.8066446612511542
