kwk,f2
1,0.7021364261718812
2,0.611706353909728
