rlt,rlt_fcr
1,0.84375
2,1.16775
3,0.5467500000000001
