rlt,rlt,cap_rlt,winter_rlt,floor_rlt,rlt_fcr
1,1,3.375,1.728,1.35,0.84375
2,2,4.671,2.3915520000000003,1.8684000000000003,1.16775
3,3,2.1870000000000003,1.119744,0.8748000000000001,0.5467500000000001
