rlt,winter_rlt
1,1.728
2,2.3915520000000003
3,1.119744
